,Name (English),Name (Chinese),Region of Focus,Language,Entity owner (English),Entity owner (Chinese),Parent entity (English),Parent entity (Chinese),X (Twitter) handle,X (Twitter) URL,X (Twitter) Follower #,Facebook page,Facebook URL,Facebook Follower #,Instragram page,Instagram URL,Instagram Follower #,Threads account,Threads URL,Threads Follower #,YouTube account,YouTube URL,YouTube Subscriber #,TikTok account,TikTok URL,TikTok Subscriber #,Unnamed: 26,Unnamed: 27,Unnamed: 28,PostID,Review,RetweetNum,LookNum,UserID,SentimentScore,SubjectivityScore
0,Yang Xinmeng (Abby Yang),杨欣萌,Anglosphere,English,China Media Group (CMG),中央广播电视总台,Central Publicity Department,中共中央宣传部,_bubblyabby_,https://twitter.com/_bubblyabby_,1678,itsAbby-103043374799622,https://www.facebook.com/itsAbby-103043374799622,1387432,_bubblyabby_,https://www.instagram.com/_bubblyabby_/,9507,_bubblyabby_,https://www.threads.net/@_bubblyabby_,197.0,itsAbby,https://www.youtube.com/itsAbby,4680,_bubblyabby_,https://www.tiktok.com/@_bubblyabby_,660.0,,,,1.7244112486605734e+18,0.5,3.5,936.625,2693415903.0,0.24503333333333333,0.26666666666666666
1,All-China Students' Federation,中华全国学联,China,Chinese,All-China Students' Federation,中华全国学生联合会,Central Committee of the Communist Youth League,共青团中央,ACSF1919,https://twitter.com/ACSF1919,5136,,,,,,,,,,,,,,,,,,,1.7241038620605325e+18,0.37142857142857144,0.3142857142857143,202.0,1.2317501444852777e+18,0.5254942857142857,0.47216832317342516
2,Yunnan Gateway,云桥网,Yunnan,Chinese,Yunnan Daily Press Group,云南日报报业集团,State Council Information Office (SCIO),国务院新闻办公室,Amazing_Yunnan,https://twitter.com/Amazing_Yunnan,12400,,,,,,,,,,,,,,,,,,,1.7239561528215567e+18,0.125,0.125,108.125,7.514411020460442e+17,0.54689375,0.41192098063973065
3,Li Song,李松,Austria,German,Ministry of Foreign Affairs,中华人民共和国外交部,Ministry of Foreign Affairs,中华人民共和国外交部,Amb_LiSong,https://twitter.com/Amb_LiSong,5972,,,,,,,,,,,,,,,,,,,1.7252993873943278e+18,0.2,0.2,123.8,1.2733540774942843e+18,0.3649,0.26426666666666665
4,Lu Kang,陆慷,Indonesia,Bahasa Indonesia,Ministry of Foreign Affairs,中华人民共和国外交部,Ministry of Foreign Affairs,中华人民共和国外交部,Amb_LuKang,https://twitter.com/Amb_LuKang,40600,,,,,,,,,,,,,,,,,,,1.7240999253317507e+18,13.0,20.428571428571427,6570.571428571428,1.514087047245443e+18,0.7346,0.5351978973407545
5,Zhang Yiming,张益明,UAE,Arabic,Ministry of Foreign Affairs,中华人民共和国外交部,Ministry of Foreign Affairs,中华人民共和国外交部,Amb_Yiming,https://twitter.com/Amb_Yiming,20300,,,,amb_yiming,https://www.instagram.com/amb_yiming/,19,,,,,,,,,,,,,1.723878745172277e+18,5.0,7.0,3366.6666666666665,1.1769613911331103e+18,0.9490333333333334,0.4895
6,Chinese Embassy in France,中国驻法国大使馆,France,French,Ministry of Foreign Affairs,中华人民共和国外交部,Ministry of Foreign Affairs,中华人民共和国外交部,AmbassadeChine,https://twitter.com/AmbassadeChine,63800,AmbassadeChine,https://www.facebook.com/AmbassadeChine,61000,ambassadedechine,https://www.instagram.com/ambassadedechine/,2593,,,,,,,ambassadedechine,https://www.tiktok.com/@ambassadedechine,168600.0,,,,1.7245054818325883e+18,3.1818181818181817,8.86013986013986,2175.3006993006993,1.1616000642147533e+18,0.2628461538461539,0.3032104637786456
7,Liu Yuxi,,African Union,English,Ministry of Foreign Affairs,中华人民共和国外交部,Ministry of Foreign Affairs,中华人民共和国外交部,Ambassador_Liu,https://twitter.com/Ambassador_Liu,11200,,,,,,,,,,,,,,,,,,,1.7241241882493693e+18,1.2352941176470589,0.11764705882352941,93.88235294117646,1.186556215767253e+18,0.27181176470588236,0.1995395127748069
8,Lei Kezhong,,Lesotho,English,Ministry of Foreign Affairs,中华人民共和国外交部,Ministry of Foreign Affairs,中华人民共和国外交部,AmbassadorLei,https://twitter.com/AmbassadorLei,1470,,,,,,,,,,,,,,,,,,,1.7236674314623204e+18,2.5,6.5,1777.5,1.2358441305776087e+18,0.3404,0.1
9,Chang Hua,,Iran,Persian,Ministry of Foreign Affairs,中华人民共和国外交部,Ministry of Foreign Affairs,中华人民共和国外交部,AmbChangHua,https://twitter.com/AmbChangHua,26400,,,,,,,,,,,,,,,,,,,1.723855097480823e+18,6.5,8.0,2950.0,1.1814591428941455e+18,0.6431,0.42666666666666664
10,Chen Weiqing,,Saudi Arabia,Arabic,Ministry of Foreign Affairs,中华人民共和国外交部,Ministry of Foreign Affairs,中华人民共和国外交部,AmbChenWeiqing,https://twitter.com/AmbChenWeiqing,83700,,,,,,,,,,,,,,,,,,,1.725042641197116e+18,2.8181818181818183,9.454545454545455,2823.3636363636365,1.153720634372952e+18,0.5540181818181819,0.3011111111111111
11,Chinese Embassy in Burundi,中国驻布隆迪大使馆,Burundi,French,Ministry of Foreign Affairs,中华人民共和国外交部,Ministry of Foreign Affairs,中华人民共和国外交部,AmbChineBurundi,https://twitter.com/AmbChineBurundi,4651,,,,,,,,,,ambassadedechineauburundi9155,https://www.youtube.com/@ambassadedechineauburundi9155,71,,,,,,,1.7234452107399877e+18,0.3333333333333333,1.3333333333333333,185.66666666666666,1.1436039921461207e+18,0.3604,0.11994949494949493
12,Chinese Embassy in Italy,中国驻意大利使馆,Italy,Italian,Ministry of Foreign Affairs,中华人民共和国外交部,Ministry of Foreign Affairs,中华人民共和国外交部,AmbCina,https://twitter.com/AmbCina,48800,chineseembassyitaly,https://www.facebook.com/chineseembassyitaly,17700,ambcina,https://www.instagram.com/ambcina,2175,,,,,,,ambcina,https://www.tiktok.com/@ambcina,7989.0,,,,1.7246388272291674e+18,1.0038167938931297,2.4885496183206106,265.35114503816794,9.944531583017861e+17,0.4255801526717557,0.3535550762270364
13,Jia Guide,贾桂德,Italy,Italian,Ministry of Foreign Affairs,中华人民共和国外交部,Ministry of Foreign Affairs,中华人民共和国外交部,AmbJiaGuide,https://twitter.com/AmbJiaGuide,6878,,,,,,,,,,,,,,,,,,,1.7246775566854776e+18,0.9647058823529412,0.7529411764705882,195.5529411764706,1.466005142147371e+18,0.3495741176470588,0.3698571534674476
14,Liao Liqiang,廖力强,Egypt,Arabic,Ministry of Foreign Affairs,中华人民共和国外交部,Ministry of Foreign Affairs,中华人民共和国外交部,AmbLiaoLiqiang,https://twitter.com/AmbLiaoLiqiang,16500,AmbLiaoliqiang,https://www.facebook.com/AmbLiaoliqiang,6200,,,,,,,,,,,,,,,,1.7251735419319488e+18,1.0,0.3333333333333333,295.1666666666667,1.20104968901931e+18,0.31775000000000003,0.36951298701298696
15,Liu Xiaoming,刘晓明,South Korea,English,Ministry of Foreign Affairs,中华人民共和国外交部,Ministry of Foreign Affairs,中华人民共和国外交部,AmbLiuXiaoMing,https://twitter.com/AmbLiuXiaoMing,329400,,,,,,,,,,,,,,,,,,,1.7239755292864727e+18,7.352941176470588,3.235294117647059,2927.470588235294,1.1819369058202665e+18,0.7777294117647058,0.40948232704115056
16,Wu Jianghao,吴江浩,Japan,Japanese,Ministry of Foreign Affairs,中华人民共和国外交部,Ministry of Foreign Affairs,中华人民共和国外交部,AmbWuJianghao,https://twitter.com/AmbWuJianghao,4587,,,,,,,,,,,,,,,,,,,1.7252499391068854e+18,0.5,4.0,2915.8333333333335,1.6384231700710236e+18,0.6485166666666666,0.25533068783068785
17,Xie Feng,谢锋,USA,English,Ministry of Foreign Affairs,中华人民共和国外交部,Ministry of Foreign Affairs,中华人民共和国外交部,AmbXieFeng,https://twitter.com/AmbXieFeng,19400,,,,,,,,,,,,,,,,,,,1.7245689374501345e+18,18.782608695652176,30.47826086956522,12891.304347826086,1.6607440541859064e+18,0.5660130434782609,0.47199232229123533
18,Zheng Zeguang,,UK,English,Ministry of Foreign Affairs,中华人民共和国外交部,Ministry of Foreign Affairs,中华人民共和国外交部,AmbZhengZeguang,https://twitter.com/AmbZhengZeguang,8481,,,,,,,,,,,,,,,,,,,1.7243072340983455e+18,2.5652173913043477,5.304347826086956,1331.0,1.3998493582716477e+18,0.47366521739130435,0.4269758140410314
19,Andy Boreham,安柏然,Shanghai,English,Shanghai United Media Group (SUMG),上海报业集团,Shanghai Municipal Committee,中共上海市委,AndyBxxx,https://twitter.com/AndyBxxx,85400,reportsonchina,https://www.facebook.com/reportsonchina/,21000,,,,,,,ReportsOnChina,https://www.youtube.com/ReportsOnChina,57000,andysshanghailife,https://www.tiktok.com/@andysshanghailife,2733.0,,,,1.7253170009976717e+18,8.8,7.1647058823529415,5098.564705882353,23499976.0,0.17179012345679012,0.36019440436107103
20,Diba,帝吧,China,Chinese,Diba,帝吧,Diba,帝吧,back_XiaoDiDi,https://twitter.com/back_XiaoDiDi,29300,China.Di8,https://www.facebook.com/China.Di8/,41000,,,,,,,,,,,,,,,,1.725073450926159e+18,9.076923076923077,5.846153846153846,13191.384615384615,37452269.0,0.0652,0.2651713564213564
21,Discover Jiangxi,,Jiangxi,English,Jiangxi Provincial Department of Culture and Tourism,江西省文化和旅游厅,Jiangxi Provincial People's Government,江西省人民政府,BeautyJiangxi,https://twitter.com/BeautyJiangxi,88000,DiscoverJiangxi2018,https://www.facebook.com/DiscoverJiangxi2018,1200000,,,,,,,,,,,,,,,,1.7241220185596905e+18,0.46153846153846156,1.3846153846153846,672.8461538461538,9.883315551677276e+17,0.5095384615384616,0.4121153846153846
22,Discover Beijing,,Anglosphere,English,unknown,,unknown,,BeijingDiscover,https://twitter.com/BeijingDiscover,22900,DiscoverBeijing,https://www.facebook.com/DiscoverBeijing/,"4,000,000",idiscoverbeijing,https://www.instagram.com/idiscoverbeijing,7137,idiscoverbeijing,https://www.threads.net/@idiscoverbeijing,88.0,,,,discoverbeijing,https://www.tiktok.com/@discoverbeijing,9009.0,,,,1.7245774804712712e+18,0.09090909090909091,0.6363636363636364,67.81818181818181,1.169178539620352e+18,0.5536727272727272,0.4455165289256198
23,Beijing Review,北京周報,Beijing,English,China International Communications Group (CICG),中国外文出版发行事业局,Central Publicity Department,中共中央宣传部,BeijingReview,https://twitter.com/BeijingReview,94300,BJReview,https://www.facebook.com/BJReview,94300,beijingreview,https://www.instagram.com/beijingreview/,3087,,,,BeijingReview,https://www.youtube.com/c/BeijingReview,1790,,,,,,,1.7242584750579686e+18,0.18333333333333332,0.48333333333333334,286.8666666666667,50910154.0,0.3242,0.31468727799977797
24,BJD Review,,China,Chinese,Beijing Daily Newspaper Group ,北京日报报业集团(北京日报社),Beijing Municipal Committee,中共北京市委,bjd_review,https://twitter.com/bjd_review,868,,,,,,,,,,,,,,,,,,,1.7241960615852739e+18,0.0,0.03333333333333333,27.133333333333333,1.4578636019815834e+18,0.1047,0.44621638789430673
25,Cao Li,曹利,Anglosphere,English,Ministry of Foreign Affairs,中华人民共和国外交部,Ministry of Foreign Affairs,中华人民共和国外交部,Cao_Li_CHN,https://twitter.com/Cao_Li_CHN,16700,,,,,,,,,,,,,,,,,,,1.724308065848914e+18,7.081081081081081,7.351351351351352,1422.8918918918919,9.63887779628376e+17,0.4096567567567567,0.38972105222105224
26,Chinese Embassy in Pakistan,中国驻巴基斯坦使馆,Pakistan,English,Ministry of Foreign Affairs,中华人民共和国外交部,Ministry of Foreign Affairs,中华人民共和国外交部,CathayPak,https://twitter.com/CathayPak,161000,profile.php?id=100071253341591,https://www.facebook.com/profile.php?id=100071253341591,6800,,,,,,,,,,,,,,,,1.7228894964296315e+18,10.333333333333334,10.0,3466.6666666666665,3612384374.0,0.7235,0.24166666666666667
27,Chinese Consulate General in Belfast,中国驻贝尔法斯特总领事馆,UK,English,Ministry of Foreign Affairs,中华人民共和国外交部,Ministry of Foreign Affairs,中华人民共和国外交部,CCGBelfast,https://twitter.com/CCGBelfast,7342,,,,ccginbelfast,https://www.instagram.com/ccginbelfast/,50,,,,,,,ccgbelfast,https://www.tiktok.com/@ccgbelfast,16.0,,,,1.72490758923623e+18,0.3023255813953488,0.32558139534883723,53.36046511627907,1.234796463026299e+18,0.09022558139534884,0.08696833666518052
28,Chinese Consulate General in Jeddah,,Saudi Arabia,Arabic,Ministry of Foreign Affairs,中华人民共和国外交部,Ministry of Foreign Affairs,中华人民共和国外交部,CCGJeddah,https://twitter.com/CCGJeddah,3268,,,,,,,,,,,,,,,,,,,1.7244419897527188e+18,0.5454545454545454,8.727272727272727,5029.363636363636,1.3790262766446592e+18,0.6685727272727273,0.35334410118501025
29,CCTV+,,China,Chinese,China Media Group (CMG),中央广播电视总台,Central Publicity Department,中共中央宣传部,CCTV_Plus,https://twitter.com/CCTV_Plus,35300,NewsContent.CCTVPLUS/,https://www.facebook.com/NewsContent.CCTVPLUS/,918000,cctv_video_news_agency,https://www.instagram.com/cctv_video_news_agency/,2190,,,,CCTVVideoNewsAgency,https://www.youtube.com/@CCTVVideoNewsAgency,"518,000",cctv_plus,https://www.tiktok.com/@cctv_plus,104.0,,,,1.7241412222376845e+18,1.6083333333333334,2.191666666666667,1005.0166666666667,2985114866.0,0.20638499999999999,0.2707030855718356
30,Visual China,,Anglosphere,English,China Daily Press,中国日报社,Central Publicity Department,中共中央宣传部,CD_visual,https://twitter.com/CD_visual,998,,,,,,,,,,,,,,,,,,,1.7248116250901233e+18,0.0,0.14285714285714285,42.142857142857146,1.2575709081656852e+18,0.09062857142857143,0.10476190476190476
31,China Daily Africa,,African Union,English,China Daily Press,中国日报社,Central Publicity Department,中共中央宣传部,CDAfricaNews,https://twitter.com/CDAfricaNews,3385,,,,,,,,,,,,,,,,,,,1.7242073443519043e+18,0.0,0.1875,37.625,7.687180771899474e+17,0.09643125000000001,0.22976415945165943
32,China Daily Hong Kong,中国日报香港版,Hong Kong,English,China Daily Press,中国日报社,Central Publicity Department,中共中央宣传部,CDHKedition,https://twitter.com/CDHKedition,3717,chinadailyhkedition,https://www.facebook.com/chinadailyhkedition/,1700000,,,,,,,,,,,,,,,,1.7241870649789714e+18,0.5193370165745856,0.16574585635359115,109.72375690607734,1.2579984455890412e+18,0.22234198895027626,0.2934554689223197
33,CD Opinion,,Anglosphere,English,China Daily Press,中国日报社,Central Publicity Department,中共中央宣传部,CdOpinion,https://twitter.com/CdOpinion,707,,,,,,,,,,,,,,,,,,,1.7234988952656084e+18,0.025,0.075,10.025,1.2578526882234655e+18,0.1531025,0.38321911075036075
34,Chinese Consulate General in Zurich,,Switzerland,German,Ministry of Foreign Affairs,中华人民共和国外交部,Ministry of Foreign Affairs,中华人民共和国外交部,CGChinaInZurich,https://twitter.com/CGChinaInZurich,8972,,,,,,,,,,,,,chinakonsulzurich,https://www.tiktok.com/@chinakonsulzurich,40900.0,,,,1.724107787919415e+18,0.0625,0.1875,112.8125,1.2239846858832978e+18,0.48936875,0.31550432206682205
35,Huang Ping,黄屏,USA,English,Ministry of Foreign Affairs,中华人民共和国外交部,Ministry of Foreign Affairs,中华人民共和国外交部,CGHuangPingNY,https://twitter.com/CGHuangPingNY,7556,,,,,,,,,,,,,,,,,,,1.7254312598102083e+18,2.6,4.55,1711.4,1.4501674316584182e+18,0.44416500000000003,0.3322090909090909
36,Zhang Meifang,,UK,English,Ministry of Foreign Affairs,中华人民共和国外交部,Ministry of Foreign Affairs,中华人民共和国外交部,CGMeifangZhang,https://twitter.com/CGMeifangZhang,160000,,,,,,,,,,,,,cgmeifangzhang,https://www.tiktok.com/@cgmeifangzhang,1071.0,,,,1.7258962957053071e+18,2.1,4.65,910.85,1.2228943231521956e+18,0.3507775,0.44044543650793655
37,China Consulate in Dubai,,UAE,English,Ministry of Foreign Affairs,中华人民共和国外交部,Ministry of Foreign Affairs,中华人民共和国外交部,CGPRCinDubai,https://twitter.com/CGPRCinDubai,3993,,,,,,,,,,,,,,,,,,,1.7249574055558953e+18,0.0,0.25,140.5,1.203299705620271e+18,0.56125,0.30364583333333334
38,CGTN Dialogue,,Anglosphere,English,China Media Group (CMG),中央广播电视总台,Central Publicity Department,中共中央宣传部,CGTN_Dialogue,https://twitter.com/CGTN_Dialogue,1011,,,,,,,,,,,,,,,,,,,1.7238044377274698e+18,0.0,0.8888888888888888,252.33333333333334,8.204611487429468e+17,0.11444444444444445,0.23189814814814813
39,CGTN Africa,,African Union,English,China Media Group (CMG),中央广播电视总台,Central Publicity Department,中共中央宣传部,cgtnafrica,https://twitter.com/cgtnafrica,149100,cgtnafrica,https://www.facebook.com/cgtnafrica,4587965,cgtn_africa,https://www.instagram.com/cgtn_africa/,41500,,,,CGTNAfrica,https://www.youtube.com/@cgtnafrica,"824,000",,,,,,,1.7256829246441812e+18,0.1,1.4125,482.9375,619855057.0,-0.19851125,0.28108554292929294
40,CGTN America,,USA,English,China Media Group (CMG),中央广播电视总台,Central Publicity Department,中共中央宣传部,cgtnamerica,https://twitter.com/cgtnamerica,288200,cgtnamerica,https://www.facebook.com/cgtnamerica,1550082,cgtnamerica,https://www.instagram.com/cgtnamerica/,298000,cgtnamerica,https://www.threads.net/@cgtnamerica,12300.0,cgtnamerica,https://www.youtube.com/@cgtnamerica,"685,000",,,,,,,1.7259523480112658e+18,0.6415094339622641,1.1320754716981132,454.52830188679246,620136960.0,-0.09387358490566039,0.27840391788505
41,CGTN Arabic,,MENA,Arabic,China Media Group (CMG),中央广播电视总台,Central Publicity Department,中共中央宣传部,cgtnarabic,https://twitter.com/cgtnarabic,668300,,,,cgtnarabic,https://www.instagram.com/cgtnarabic,178000,,,,CGTNArabic,https://www.youtube.com/@CGTNArabic,"491,000",cgtnarabic,https://www.tiktok.com/@cgtnarabic,66.0,,,,1.7258807541074163e+18,0.35,1.1666666666666667,1023.35,8.056926341277368e+17,0.09434999999999999,0.2370165945165945
42,CGTN Europe,中国环球电视网欧洲分台,EU,English,China Media Group (CMG),中央广播电视总台,Central Publicity Department,中共中央宣传部,CGTNEurope,https://twitter.com/CGTNEurope,18200,cgtneuropeofficial,https://www.facebook.com/cgtneuropeofficial,2100000,cgtneurope,https://www.instagram.com/cgtneurope/,30000,,,,CGTNEurope,https://www.youtube.com/c/CGTNEurope,110000,cgtneurope,https://www.tiktok.com/@cgtneurope,225800.0,,,,1.725571694467079e+18,0.06293706293706294,0.25874125874125875,204.5034965034965,8.148193526627901e+17,-0.07647272727272728,0.26134881532608806
43,CGTN Europe Breaking News,,EU,English,China Media Group (CMG),中央广播电视总台,Central Publicity Department,中共中央宣传部,CGTNEuropebreak,https://twitter.com/CGTNEuropebreak,1741,,,,,,,,,,,,,,,,,,,1.724686583281482e+18,0.058823529411764705,0.26838235294117646,353.4595588235294,1.656984138199466e+18,-0.06362279411764706,0.19543067890034801
44,CGTN Français,CGTN法语频道,la Francophonie,French,China Media Group (CMG),中央广播电视总台,Central Publicity Department,中共中央宣传部,CGTNFrancais,https://twitter.com/CGTNFrancais,977800,CGTNFrancais,https://www.facebook.com/CGTNFrancais,"20,423,675",cgtnfrancais,https://www.instagram.com/cgtnfrancais/,248000,,,,CGTNFrancais,https://www.youtube.com/@CGTNFrancais,404000,MS4wLjABAAAAjFS_QqZGXMn9w7Ey9yZdsc-vjBGL8H8rxtUo37BCPiomar-19ilC2SOU6B2SJ2Fb,https://www.tiktok.com/@MS4wLjABAAAAjFS_QqZGXMn9w7Ey9yZdsc-vjBGL8H8rxtUo37BCPiomar-19ilC2SOU6B2SJ2Fb,168.0,,,,1.7256671103445606e+18,0.0673076923076923,0.8798076923076923,301.5576923076923,1667162474.0,-0.13943653846153847,0.20517760884948383
45,CGTN Global Business,,Anglosphere,English,China Media Group (CMG),中央广播电视总台,Central Publicity Department,中共中央宣传部,CGTNGlobalBiz,https://twitter.com/CGTNGlobalBiz,12500,CGTNGlobalBusiness,https://www.facebook.com/CGTNGlobalBusiness/,1600000,,,,,,,BizAsiaAmerica,https://www.youtube.com/c/BizAsiaAmerica,7980,,,,,,,1.7244013998522755e+18,0.618421052631579,0.6447368421052632,220.97368421052633,8.66916693288788e+17,0.3151894736842105,0.244000750711277
46,CGTN Graphics,,Anglosphere,English,China Media Group (CMG),中央广播电视总台,Central Publicity Department,中共中央宣传部,CGTNGraphics,https://twitter.com/CGTNGraphics,914,CGTNGraphics,https://www.facebook.com/CGTNGraphics,545,,,,,,,,,,,,,,,,1.723798187290931e+18,0.0,0.2222222222222222,68.88888888888889,1.2028208665951232e+18,0.16753333333333334,0.26300505050505046
47,CGTN,CGTN,Anglosphere,English,China Media Group (CMG),中央广播电视总台,Central Publicity Department,中共中央宣传部,CGTNOfficial,https://twitter.com/CGTNOfficial,"13,000,000",ChinaGlobalTVNetwork,https://www.facebook.com/ChinaGlobalTVNetwork,"116,450,496",cgtn,https://www.instagram.com/cgtn/,"2,300,000",cgtn,https://www.threads.net/@cgtn,69100.0,CGTN,https://www.youtube.com/@cgtn,"3,050,000",,,,,,,1.725689117479098e+18,1.96,5.14,7325.0,1115874631.0,0.168077,0.2310681818181818
48,CGTN Radio,,Anglosphere,English,China Media Group (CMG),中央广播电视总台,Central Publicity Department,中共中央宣传部,cgtnradio,https://twitter.com/CGTNRadio,725200,,,,,,,,,,,,,,,,,,,1.723990605450921e+18,0.5977011494252874,0.5402298850574713,474.4367816091954,33400255.0,0.23732758620689656,0.2520653484446588
49,CGTN Russian,,Russia,Russian,China Media Group (CMG),中央广播电视总台,Central Publicity Department,中共中央宣传部,cgtnrussian,https://twitter.com/cgtnrussian,87500,,,,cgtn_russian,https://www.instagram.com/cgtn_russian/,770,,,,cgtnrussian,https://www.youtube.com/@cgtnrussian,263000,cgtn_russian,https://www.tiktok.com/@cgtn_russian,101.0,,,,1.7253204944101076e+18,0.17253521126760563,0.9647887323943662,247.66549295774647,7.850001653503468e+17,-0.0201887323943662,0.16692226591874476
50,CGTN Sports,,Anglosphere,English,China Media Group (CMG),中央广播电视总台,Central Publicity Department,中共中央宣传部,CGTNSports,https://twitter.com/CGTNSports,1046,,,,,,,,,,,,,,,,,,,1.7241875075628767e+18,0.0,0.0,35.74285714285714,8.096622170418094e+17,0.10939285714285714,0.30295964749536175
51,CGTN Sports Scene,,Anglosphere,English,China Media Group (CMG),中央广播电视总台,Central Publicity Department,中共中央宣传部,CGTNSportsScene,https://twitter.com/CGTNSportsScene,7582,CGTNSportsScene,https://www.facebook.com/CGTNSportsScene/,"670,000",cgtn_sports_scene,https://www.instagram.com/cgtn_sports_scene/,2617,,,,cgtnsportsscene,https://www.youtube.com/@cgtnsportsscene,158000,,,,,,,1.724152955718679e+18,0.4,44.43571428571428,7022.392857142857,8.665032716026798e+17,0.4894214285714286,0.4790357185803614
52,CGTN Stories,,Anglosphere,English,China Media Group (CMG),中央广播电视总台,Central Publicity Department,中共中央宣传部,CGTNStories,https://twitter.com/CGTNStories,1669,CGTNStories,https://www.facebook.com/CGTNStories,95000,,,,,,,,,,,,,,,,1.7242817633975913e+18,0.0,0.0,38.42857142857143,1.1941846705538826e+18,0.26744285714285715,0.11071428571428572
53,CGTN Tech,,Anglosphere,English,China Media Group (CMG),中央广播电视总台,Central Publicity Department,中共中央宣传部,CGTNTech,https://twitter.com/CGTNTech,1206,CGTN-Tech-104251674369966,https://www.facebook.com/CGTN-Tech-104251674369966/,600,,,,,,,,,,,,,,,,1.7241370816292111e+18,0.0,0.045454545454545456,53.61363636363637,1.0785721703835812e+18,0.26984545454545456,0.2823695790741245
54,CGTN United Nations,,Anglosphere,English,China Media Group (CMG),中央广播电视总台,Central Publicity Department,中共中央宣传部,cgtnun,https://twitter.com/cgtnun,33,,,,,,,,,,,,,,,,,,,1.7241970090405563e+18,0.0,0.125,151.875,1.6715749028417782e+18,-0.0934875,0.29270833333333335
55,Chen Juan,,Anglosphere,English,Shanghai Media Group (SMG),上海文化广播影视集团有限公司,Shanghai Municipal Committee,中共上海市委,Chenjuan,https://twitter.com/Chenjuan,592,,,,,,,,,,,,,,,,,,,1.724500164431565e+18,0.5294117647058824,0.0,52.23529411764706,50961598.0,0.14836470588235293,0.3112445533769063
56,Chen Mingjian,陈明健,Tanzania,English,Ministry of Foreign Affairs,中华人民共和国外交部,Ministry of Foreign Affairs,中华人民共和国外交部,ChenMingjian_CN,https://twitter.com/ChenMingjian_CN,10500,,,,,,,,,,,,,,,,,,,1.7248243132081969e+18,0.7142857142857143,3.7142857142857144,656.3571428571429,1.4675670696129413e+18,0.45278571428571424,0.41901066790352504
57,Chen Ping,陈平,Spain,Spanish,Ministry of Foreign Affairs,中华人民共和国外交部,Ministry of Foreign Affairs,中华人民共和国外交部,ChenPingMFA,https://twitter.com/ChenPingMFA,8391,,,,,,,,,,,,,,,,,,,1.7242849625284598e+18,2.7450980392156863,7.382352941176471,837.3039215686274,1.517337130825306e+18,0.3304948979591837,0.3685328498976458
58,Chen Weihua,陈卫华,Anglosphere,English,China Daily Press,中国日报社,Central Publicity Department,中共中央宣传部,chenweihua,https://twitter.com/chenweihua,195700,,,,,,,,,,,,,,,,,,,1.7240427235234248e+18,16.441176470588236,48.044117647058826,11952.713235294117,88702710.0,-0.18098947368421053,0.388336010898041
59,China Focus,,Anglosphere,English,China International Communications Group (CICG),中国外文出版发行事业局,Central Publicity Department,中共中央宣传部,China__Focus,https://twitter.com/China__Focus,61100,ChinaFocus2015,https://www.facebook.com/ChinaFocus2015/,"3,200,000",,,,,,,,,,,,,,,,1.7241110995448248e+18,0.0743801652892562,0.628099173553719,161.16528925619835,9.205545623643014e+17,0.31461157024793385,0.3522049596791332
60,Chinese Embassy in India,,India,English,Ministry of Foreign Affairs,中华人民共和国外交部,Ministry of Foreign Affairs,中华人民共和国外交部,China_Amb_India,https://twitter.com/China_Amb_India,96200,,,,,,,,,,,,,,,,,,,1.7246029222503186e+18,1.3043478260869565,1.391304347826087,1234.3478260869565,9.3807204127343e+17,0.21343913043478263,0.19550442311311875
61,Wang Lixin,,Maldives,English,Ministry of Foreign Affairs,中华人民共和国外交部,Ministry of Foreign Affairs,中华人民共和国外交部,China_Amb_Mdv,https://twitter.com/China_Amb_Mdv,20100,,,,,,,,,,,,,,,,,,,1.7249697478095926e+18,0.8095238095238095,6.714285714285714,1763.7142857142858,1.1401766644684186e+18,0.45951428571428576,0.31554722394008106
62,Guo Shaochun,,Zimbabwe,English,Ministry of Foreign Affairs,中华人民共和国外交部,Ministry of Foreign Affairs,中华人民共和国外交部,China_Amb_Zim,https://twitter.com/China_Amb_Zim,16400,,,,,,,,,,,,,,,,,,,1.72473177143713e+18,2.0,11.0,465.0,1.1144970904266916e+18,0.9723,0.425
63,Chinese Embassy in Nigeria,,Nigeria,English,Ministry of Foreign Affairs,中华人民共和国外交部,Ministry of Foreign Affairs,中华人民共和国外交部,china_emb_ng,https://twitter.com/china_emb_ng,4238,,,,,,,,,,,,,,,,,,,1.7248790002350948e+18,0.18181818181818182,0.09090909090909091,92.54545454545455,1.1714332087406019e+18,0.5283,0.29144742883379243
64,Chinese Embassy in Colombia,,Colombia,English,Ministry of Foreign Affairs,中华人民共和国外交部,Ministry of Foreign Affairs,中华人民共和国外交部,china_embajada,https://twitter.com/china_embajada,8929,,,,,,,,,,,,,,,,,,,1.7244504925867028e+18,8.571428571428571,68.57142857142857,14885.714285714286,1.225886018869584e+18,0.4370142857142857,0.35443722943722944
65,Chinese Consulate General in Lyon,,France,French,Ministry of Foreign Affairs,中华人民共和国外交部,Ministry of Foreign Affairs,中华人民共和国外交部,China_Lyon,https://twitter.com/China_Lyon,2853,,,,,,,,,,,,,,,,,,,1.7244855632041231e+18,0.3,0.0,71.1,1.2355802336690995e+18,0.40325,0.2943181818181818
66,"Xiamen, China",,Fujian,English,Xiamen Culture and Tourism Bureau,厦门市文化和旅游局,Xiamen Municipal People's Government,厦门市人民政府,china_xiamen,https://twitter.com/china_xiamen,12900,xiamengov,https://www.facebook.com/xiamengov/,396000,,,,,,,,,,visitxiamen,https://www.tiktok.com/@visitxiamen,9.0,,,,1.7242454563437893e+18,0.3,1.0,101.5,1.1561588649092055e+18,0.39699,0.3574545454545454
67,CGTN China Takeaway,,Anglosphere,English,China Media Group (CMG),中央广播电视总台,Central Publicity Department,中共中央宣传部,China24Official,https://twitter.com/China24Official,2931,China24Official,https://www.facebook.com/China24Official,"1,000,000",,,,,,,,,,,,,,,,1.7252696319666537e+18,0.0,0.0,35.05,1.1819171443315876e+18,0.663115,0.4030899621212122
68,Hou Yanqi,,ASEAN,English,Ministry of Foreign Affairs,中华人民共和国外交部,Ministry of Foreign Affairs,中华人民共和国外交部,China2ASEAN,https://twitter.com/China2ASEAN,107600,,,,,,,,,,,,,,,,,,,1.7242443588945856e+18,3.9411764705882355,2.1176470588235294,533.1176470588235,1.2192142665210962e+18,0.3947588235294117,0.1845424836601307
69,Chinese Consulate General in Edinburgh,中国驻爱丁堡总领馆,UK,English,Ministry of Foreign Affairs,中华人民共和国外交部,Ministry of Foreign Affairs,中华人民共和国外交部,chinacgedi,https://twitter.com/chinacgedi,3329,,,,,,,,,,,,,,,,,,,1.7229833779244526e+18,1.0,1.0,126.0,1.2249887903028716e+18,0.0,0.3348484848484849
70,Chinese Consulate General in Montréal,,Canada,French,Ministry of Foreign Affairs,中华人民共和国外交部,Ministry of Foreign Affairs,中华人民共和国外交部,ChinaCGMTL,https://twitter.com/ChinaCGMTL,996,,,,,,,,,,,,,,,,,,,1.724508336962014e+18,0.0,0.08333333333333333,48.5,1.2207752704137175e+18,0.37251666666666666,0.44949119167869167
71,Chinese Consulate General in Almaty,中国驻阿拉木图总领馆,Kazakhstan,Russian,Ministry of Foreign Affairs,中华人民共和国外交部,Ministry of Foreign Affairs,中华人民共和国外交部,ChinaConsAlmaty,https://twitter.com/ChinaConsAlmaty,4228,,,,chinaconsalmaty,https://www.instagram.com/chinaconsalmaty/,2670,,,,,,,,,,,,,1.7249835830608118e+18,0.0,0.3333333333333333,78.66666666666667,1.4297587994732544e+18,0.45011666666666666,0.43464646464646467
72,Chinese Consulate General in Chicago,中国驻芝加哥总领馆,USA,English,Ministry of Foreign Affairs,中华人民共和国外交部,Ministry of Foreign Affairs,中华人民共和国外交部,ChinaConsulate,https://twitter.com/ChinaConsulate,5755,,,,,,,,,,,,,,,,,,,1.724047935935813e+18,0.5882352941176471,1.9411764705882353,144.85294117647058,8.266135051890852e+17,0.40646470588235295,0.29479140140904847
73,Chinese Consulate General in Istanbul Spokesperson,,Türkiye,Turkish,Ministry of Foreign Affairs,中华人民共和国外交部,Ministry of Foreign Affairs,中华人民共和国外交部,chinaconsulist,https://twitter.com/chinaconsulist,9327,,,,,,,,,,,,,,,,,,,1.725096434169507e+18,0.875,2.25,349.125,1.2267855226616996e+18,0.4779625,0.24427083333333333
74,China Culture,,Anglosphere,English,China Daily Press,中国日报社,Ministry of Culture and Tourism,中华人民共和国文化和旅游部,Chinacultureorg,https://twitter.com/Chinacultureorg,24600,chinacultureorg,https://www.facebook.com/chinacultureorg/,"4,000,000",,,,,,,,,,,,,,,,1.72405149493351e+18,0.09302325581395349,0.4418604651162791,221.4418604651163,4331355020.0,0.21851627906976745,0.2320941977918722
75,China Daily,中国日报,Anglosphere,English,China Daily Press,中国日报社,Central Publicity Department,中共中央宣传部,ChinaDaily,https://twitter.com/ChinaDaily,"4,100,000",chinadaily,https://www.facebook.com/chinadaily,"104,613,175",chinadailynews,https://www.instagram.com/chinadailynews/,"1,300,000",chinadailynews,https://www.threads.net/@chinadailynews,40200.0,ChinaDailyOfficialChannel,https://www.youtube.com/@ChinaDailyOfficialChannel,337000,chinadailyofficial,https://www.tiktok.com/@chinadailyofficial,1300000.0,,,,1.7254505831163602e+18,3.2045454545454546,8.654545454545454,4910.454545454545,87775422.0,0.33594545454545455,0.31113968417945687
76,China Daily Asia,,Anglosphere,English,China Daily Press,中国日报社,Central Publicity Department,中共中央宣传部,ChinaDailyAsia,https://twitter.com/ChinaDailyAsia,26900,,,,,,,,,,,,,,,,,,,1.7241195365847017e+18,0.1810344827586207,0.14655172413793102,121.74137931034483,280406148.0,0.11076293103448276,0.2596162266851922
77,China Daily Europe,,EU,English,China Daily Press,中国日报社,Central Publicity Department,中共中央宣传部,ChinaDailyEU,https://twitter.com/ChinaDailyEU,10200,,,,,,,,,,,,,,,,,,,1.724245457060254e+18,0.0,0.25,96.5625,303919573.0,-0.03694375,0.47110479797979793
78,China Daily World,,Anglosphere,English,China Daily Press,中国日报社,Central Publicity Department,中共中央宣传部,ChinaDailyWorld,https://twitter.com/ChinaDailyWorld,1387,,,,,,,,,,,,,,,,,,,1.7244122952290806e+18,0.0,0.024390243902439025,34.4390243902439,1.257528772900688e+18,0.21785853658536586,0.3041833843663112
79,Chinese Embassy in Greece,,Greece,Greek,Ministry of Foreign Affairs,中华人民共和国外交部,Ministry of Foreign Affairs,中华人民共和国外交部,Chinaemb_Hellas,https://twitter.com/Chinaemb_Hellas,3940,,,,chinaemb_hellas,https://www.instagram.com/chinaemb_hellas/,1387,,,,,,,,,,,,,1.724385372159861e+18,0.5,0.5,97.375,1.2829410248522138e+18,0.5876,0.3145725108225108
80,Zhao Zhiyuan,赵志远,Ethiopia,English,Ministry of Foreign Affairs,中华人民共和国外交部,Ministry of Foreign Affairs,中华人民共和国外交部,ChinaEmbAddis,https://twitter.com/ChinaEmbAddis,17200,,,,,,,,,,,,,,,,,,,1.7229786266210388e+18,12.0,29.0,11000.0,1.2075587788429476e+18,0.862,0.65
81,Chinese Embassy in Chile,,Chile,Spanish,Ministry of Foreign Affairs,中华人民共和国外交部,Ministry of Foreign Affairs,中华人民共和国外交部,ChinaEmbajada,https://twitter.com/ChinaEmbajada,2479,,,,,,,,,,,,,,,,,,,1.7243611271931044e+18,0.15625,0.34375,105.34375,1.2044969338863206e+18,0.4491483870967742,0.315356270074012
82,Chinese Embassy in Dominican Republic,,Dominican Republic,Spanish,Ministry of Foreign Affairs,中华人民共和国外交部,Ministry of Foreign Affairs,中华人民共和国外交部,ChinaEmbajadaRD,https://twitter.com/ChinaEmbajadaRD,8233,,,,chinaembajada,https://www.instagram.com/chinaembajada/,6713,,,,,,,,,,,,,1.7240746389323835e+18,0.125,0.90625,183.34375,1.1214663326697759e+18,0.3635,0.26362985321969695
83,Chinese Embassy in Algeria,中国驻阿尔及利亚大使馆,Algeria,Arabic,Ministry of Foreign Affairs,中华人民共和国外交部,Ministry of Foreign Affairs,中华人民共和国外交部,ChinaEmbAlgeria,https://twitter.com/ChinaEmbAlgeria,15600,profile.php?id=100064477878508,https://www.facebook.com/profile.php?id=100064477878508,32000,,,,,,,,,,,,,,,,1.7253942221072673e+18,0.0,0.0,117.5,1.2680991209647882e+18,0.507675,0.35890151515151514
84,Chinese Embassy in Angola,,Angola,Portuguese,Ministry of Foreign Affairs,中华人民共和国外交部,Ministry of Foreign Affairs,中华人民共和国外交部,ChinaEmbAngola,https://twitter.com/ChinaEmbAngola,4160,,,,,,,,,,,,,,,,,,,1.7243440250163505e+18,0.022222222222222223,0.1111111111111111,73.97777777777777,1.1873822482297897e+18,0.3350711111111111,0.2325955988455988
85,Chinese Embassy in Antigua and Barbuda,,Antigua and Barbuda,English,Ministry of Foreign Affairs,中华人民共和国外交部,Ministry of Foreign Affairs,中华人民共和国外交部,ChinaEmbAntigua,https://twitter.com/ChinaEmbAntigua,1779,ChineseEmbassyinAntiguaandBarbuda,https://www.facebook.com/ChineseEmbassyinAntiguaandBarbuda,113,,,,,,,,,,,,,,,,1.7251147399799206e+18,0.0,0.6,145.8,1.247973383347802e+18,0.0,0.02
86,Chinese Embassy in Argentina,,Argentina,Spanish,Ministry of Foreign Affairs,中华人民共和国外交部,Ministry of Foreign Affairs,中华人民共和国外交部,ChinaEmbArg,https://twitter.com/ChinaEmbArg,9958,,,,,,,,,,,,,,,,,,,1.72430447872961e+18,0.1875,1.9375,320.4375,1.2399437881660703e+18,0.56685625,0.44344223484848483
87,Chinese Embassy in Maldives,,Maldives,English,Ministry of Foreign Affairs,中华人民共和国外交部,Ministry of Foreign Affairs,中华人民共和国外交部,ChinaEmbassy_MV,https://twitter.com/ChinaEmbassy_MV,2849,,,,,,,,,,,,,,,,,,,1.7230497504706624e+18,0.0,2.0,389.09090909090907,1.4554050100077076e+18,0.12302727272727272,0.20613931523022433
88,Chinese Embassy in Albania,,Albania,Albanian,Ministry of Foreign Affairs,中华人民共和国外交部,Ministry of Foreign Affairs,中华人民共和国外交部,ChinaembassyT,https://twitter.com/ChinaembassyT,3555,ChinaembassyT,https://www.facebook.com/ChinaembassyT,11,,,,,,,,,,,,,,,,1.7233662318003648e+18,0.8,0.0,70.4,1.1227712055457096e+18,0.3064,0.15754924242424242
89,Chinese Embassy in Austria,,Austria,German,Ministry of Foreign Affairs,中华人民共和国外交部,Ministry of Foreign Affairs,中华人民共和国外交部,chinaembaustria,https://twitter.com/chinaembaustria,6804,,,,,,,,,,,,,,,,,,,1.7243432469385646e+18,0.1111111111111111,0.8888888888888888,302.22222222222223,1.2229244887839457e+18,0.17938888888888888,0.14786195286195286
90,Chinese Embassy in Rep. of Congo (Brazzaville),中华人民共和国驻刚果共和国大使馆官,Rep. of Congo,French,Ministry of Foreign Affairs,中华人民共和国外交部,Ministry of Foreign Affairs,中华人民共和国外交部,chinaembcongobz,https://twitter.com/chinaembcongobz,3161,,,,,,,,,,,,,ambassadechineaucongo,https://www.tiktok.com/@ambassadechineaucongo,35.0,,,,1.7248805039591455e+18,0.0,0.0,269.5,1.2501434677260861e+18,0.8089500000000001,0.2715277777777777
91,Chinese Embassy in Belgium,,Belgium,French,Ministry of Foreign Affairs,中华人民共和国外交部,Ministry of Foreign Affairs,中华人民共和国外交部,ChinaEmBE,https://twitter.com/ChinaEmBE,1257,,,,,,,,,,,,,,,,,,,1.724046447941982e+18,0.36363636363636365,0.36363636363636365,79.22727272727273,1.5141529435194163e+18,0.15830909090909093,0.23258805588351042
92,Chinese Embassy in Eritrea,,Eritrea,English,Ministry of Foreign Affairs,中华人民共和国外交部,Ministry of Foreign Affairs,中华人民共和国外交部,ChinaEmbEritrea,https://twitter.com/ChinaEmbEritrea,5816,,,,,,,,,,,,,,,,,,,1.7248415206192502e+18,1.0,42.0,2400.0,1.4017896988932997e+18,0.8779,0.45
93,Chinese Embassy in Spain,,Spain,Spanish,Ministry of Foreign Affairs,中华人民共和国外交部,Ministry of Foreign Affairs,中华人民共和国外交部,ChinaEmbEsp,https://twitter.com/ChinaEmbEsp,27300,,,,,,,,,,,,,,,,,,,1.7242392997584694e+18,0.1694915254237288,0.3389830508474576,376.135593220339,1.171325918985511e+18,0.35727796610169493,0.3791586109276787
94,Chinese Embassy in Germany,中国驻德国大使馆,Germany,German,Ministry of Foreign Affairs,中华人民共和国外交部,Ministry of Foreign Affairs,中华人民共和国外交部,ChinaEmbGermany,https://twitter.com/ChinaEmbGermany,7946,,,,chinesische.botschaft,https://www.instagram.com/chinesische.botschaft/,527,,,,,,,,,,,,,1.723662439695577e+18,0.9545454545454546,1.0,522.0454545454545,1.2079596510793933e+18,0.1991090909090909,0.31211612882067424
95,Chinese Embassy in Grenada,,Grenada,English,Ministry of Foreign Affairs,中华人民共和国外交部,Ministry of Foreign Affairs,中华人民共和国外交部,ChinaEmbGrenada,https://twitter.com/ChinaEmbGrenada,6585,,,,,,,,,,,,,,,,,,,1.7246671859999337e+18,0.0,0.0,48.333333333333336,1.186300040471552e+18,0.5514666666666667,0.33056818181818176
96,Chinese Embassy in Switzerland,,Switzerland,English,Ministry of Foreign Affairs,中华人民共和国外交部,Ministry of Foreign Affairs,中华人民共和国外交部,ChinaEmbinCH,https://twitter.com/ChinaEmbinCH,7930,,,,,,,,,,,,,,,,,,,1.7239394847046546e+18,0.36036036036036034,1.2252252252252251,172.33333333333334,1.3932817691815322e+18,0.40897117117117116,0.3791412516412516
97,Chinese Embassy in Ghana,中国驻加纳大使馆,Ghana,English,Ministry of Foreign Affairs,中华人民共和国外交部,Ministry of Foreign Affairs,中华人民共和国外交部,ChinaEmbinGH,https://twitter.com/ChinaEmbinGH,5437,,,,,,,,,,,,,,,,,,,1.72464969914666e+18,0.1,0.0,79.7,1.2351544639015854e+18,0.11257999999999999,0.26852272727272725
98,Chinese Embassy in New Zealand,,New Zealand,English,Ministry of Foreign Affairs,中华人民共和国外交部,Ministry of Foreign Affairs,中华人民共和国外交部,ChinaEmbInNZ,https://twitter.com/ChinaEmbInNZ,1074,ChineseEmbassyInNZ,https://www.facebook.com/ChineseEmbassyInNZ,2100,,,,,,,,,,,,,,,,1.7228762231506045e+18,0.0,0.0,67.0,1.495868664503206e+18,0.4019,0.2857142857142857
99,Chinese Embassy in Rwanda,,Rwanda,English,Ministry of Foreign Affairs,中华人民共和国外交部,Ministry of Foreign Affairs,中华人民共和国外交部,ChinaEmbinRW,https://twitter.com/ChinaEmbinRW,2316,,,,,,,,,,,,,,,,,,,1.7252182811078461e+18,0.4,0.0,108.0,1.4388263807378514e+18,0.7647,0.4647222222222222
100,Chinese Embassy in Ireland,,Ireland,English,Ministry of Foreign Affairs,中华人民共和国外交部,Ministry of Foreign Affairs,中华人民共和国外交部,ChinaEmbIreland,https://twitter.com/ChinaEmbIreland,5150,,,,,,,,,,,,,,,,,,,1.723039340924744e+18,0.0,1.0,313.0,1.22908210465647e+18,0.0,0.3348484848484849
101,Chinese Embassy in Kazakhstan,,Kazakhstan,Russian,Ministry of Foreign Affairs,中华人民共和国外交部,Ministry of Foreign Affairs,中华人民共和国外交部,ChinaEmbKazakh,https://twitter.com/ChinaEmbKazakh,3126,,,,chinaembkazakh,https://www.instagram.com/chinaembkazakh/,2527,,,,,,,,,,,,,1.7239655498480307e+18,0.0,0.0,37.15,1.178542268262826e+18,0.35788000000000003,0.3371767676767677
102,Chinese Embassy in Saudi Arabia,,Saudi Arabia,Arabic,Ministry of Foreign Affairs,中华人民共和国外交部,Ministry of Foreign Affairs,中华人民共和国外交部,ChinaEmbKSA,https://twitter.com/ChinaEmbKSA,17000,,,,,,,,,,,,,,,,,,,1.7242034951801042e+18,0.4,1.6,679.6,1.153956415138095e+18,0.42026,0.3073412698412698
103,Chinese Embassy in Lesotho,,Lesotho,English,Ministry of Foreign Affairs,中华人民共和国外交部,Ministry of Foreign Affairs,中华人民共和国外交部,ChinaEmbLesotho,https://twitter.com/ChinaEmbLesotho,1240,,,,,,,,,,,,,,,,,,,1.7240729291953088e+18,0.0,1.2857142857142858,131.71428571428572,1.2333787139051151e+18,0.38344285714285714,0.2623647186147186
104,Chinese Embassy in Philippines,,Philippines,English,Ministry of Foreign Affairs,中华人民共和国外交部,Ministry of Foreign Affairs,中华人民共和国外交部,Chinaembmanila,https://twitter.com/Chinaembmanila,14600,,,,,,,,,,,,,,,,,,,1.7256749958677043e+18,0.3,0.0,87.65,8.335974690070979e+17,0.47553,0.33977651515151513
105,Chinese Embassy in Namibia,,Namibia,English,Ministry of Foreign Affairs,中华人民共和国外交部,Ministry of Foreign Affairs,中华人民共和国外交部,ChinaEmbNamibia,https://twitter.com/ChinaEmbNamibia,1890,,,,,,,,,,,,,,,,,,,1.723901328970225e+18,0.25,0.25,85.5,1.4638659040816046e+18,0.2672,0.2875
106,Chinese Embassy in Netherlands,,Netherlands,English,Ministry of Foreign Affairs,中华人民共和国外交部,Ministry of Foreign Affairs,中华人民共和国外交部,ChinaEmbNL,https://twitter.com/ChinaEmbNL,5805,chinaembnl,https://www.facebook.com/chinaembnl,100000,,,,,,,,,,,,,,,,1.724160388083225e+18,0.35714285714285715,0.35714285714285715,95.14285714285714,1.2754200742335488e+18,0.5770428571428571,0.42451236858379715
107,Chinese Embassy in Canada,中国驻加拿大大使馆,Canada,English,Ministry of Foreign Affairs,中华人民共和国外交部,Ministry of Foreign Affairs,中华人民共和国外交部,ChinaEmbOttawa,https://twitter.com/ChinaEmbOttawa,15500,,,,,,,,,,,,,chineseembassyincanada,https://www.tiktok.com/@chineseembassyincanada,,,,,1.724453164884479e+18,0.8823529411764706,0.29411764705882354,208.0,2562545263.0,0.36721764705882354,0.2962054367201426
108,Chinese Embassy in Peru,中国驻秘鲁使馆,Peru,Spanish,Ministry of Foreign Affairs,中华人民共和国外交部,Ministry of Foreign Affairs,中华人民共和国外交部,ChinaEmbPeru,https://twitter.com/ChinaEmbPeru,11900,,,,,,,,,,,,,,,,,,,1.7251862601372908e+18,0.3333333333333333,4.666666666666667,580.2222222222222,1.2298811611717755e+18,0.09365,0.17291666666666666
109,Chinese Embassy in Poland,,Poland,Polish,Ministry of Foreign Affairs,中华人民共和国外交部,Ministry of Foreign Affairs,中华人民共和国外交部,ChinaEmbPoland,https://twitter.com/ChinaEmbPoland,6868,,,,,,,,,,,,,,,,,,,1.7234905093392015e+18,0.23076923076923078,0.3076923076923077,194.69230769230768,1.1565696399142216e+18,0.3169076923076923,0.27343045843045843
110,Chinese Embassy in Portugal,中国驻葡萄牙大使馆,Portugal,Portuguese,Ministry of Foreign Affairs,中华人民共和国外交部,Ministry of Foreign Affairs,中华人民共和国外交部,ChinaEmbPt,https://twitter.com/ChinaEmbPt,2896,,,,,,,,,,,,,,,,,,,1.7226969127053496e+18,0.0,0.16666666666666666,61.0,1.4609151802342892e+18,0.2378,0.1486111111111111
111,Chinese Embassy in Sri Lanka,中国驻斯里兰卡大使馆,Sri Lanka,English,Ministry of Foreign Affairs,中华人民共和国外交部,Ministry of Foreign Affairs,中华人民共和国外交部,ChinaEmbSL,https://twitter.com/ChinaEmbSL,25600,,,,,,,,,,,,,,,,,,,1.7233730649925512e+18,7.0,10.0,5000.0,1.2408609478263112e+18,0.4939,0.5166666666666666
112,Chinese Embassy in Slovakia,中国驻斯洛伐克使馆,Slovakia,English,Ministry of Foreign Affairs,中华人民共和国外交部,Ministry of Foreign Affairs,中华人民共和国外交部,ChinaEmbSVK,https://twitter.com/ChinaEmbSVK,5439,,,,,,,,,,,,,,,,,,,1.7240111000001539e+18,1.0,0.0,78.0,1.2268207557212488e+18,0.0,0.4545454545454545
113,Chinese Embassy in Slovenia,,Slovenia,English,Ministry of Foreign Affairs,中华人民共和国外交部,Ministry of Foreign Affairs,中华人民共和国外交部,ChinaEmSlovenia,https://twitter.com/ChinaEmSlovenia,5058,,,,,,,,,,,,,,,,,,,1.7240018110303278e+18,0.0,0.0,50.0,9.408620982167511e+17,,
114,Chinese Embassy in EU,,EU,English,Ministry of Foreign Affairs,中华人民共和国外交部,Ministry of Foreign Affairs,中华人民共和国外交部,ChinaEUMission,https://twitter.com/ChinaEUMission,25900,,,,,,,,,,missionofchinatotheeu3586,https://www.youtube.com/@missionofchinatotheeu3586,350,,,,,,,1.724633467714575e+18,0.45454545454545453,0.7878787878787878,417.75757575757575,1899984391.0,0.3931636363636363,0.3524380165289256
115,Chinese Embassy in Denmark,,Denmark,English,Ministry of Foreign Affairs,中华人民共和国外交部,Ministry of Foreign Affairs,中华人民共和国外交部,ChinaInDenmark,https://twitter.com/ChinaInDenmark,2128,,,,,,,,,,,,,,,,,,,1.7237877996965673e+18,0.0,1.0909090909090908,51.36363636363637,8.622895246799913e+17,0.3143909090909091,0.2617883379247016
116,Qian Minjian,,Lebanon,Arabic,Ministry of Foreign Affairs,中华人民共和国外交部,Ministry of Foreign Affairs,中华人民共和国外交部,ChinainLebanon,https://twitter.com/ChinainLebanon,12700,,,,,,,,,,,,,,,,,,,1.7252073263781796e+18,0.3333333333333333,0.0,319.0,1.2257420203014676e+18,0.6793333333333335,0.4608333333333334
117,Chinese Consulate General in Vancouver,,Canada,English,Ministry of Foreign Affairs,中华人民共和国外交部,Ministry of Foreign Affairs,中华人民共和国外交部,ChinainVan,https://twitter.com/ChinainVan,2168,,,,,,,,,,,,,,,,,,,1.7240351185170066e+18,0.8,0.2,157.6,1.3653647735089316e+18,0.29976,0.4442424242424242
118,Chinese Embassy in Iraq,,Iraq,Arabic,Ministry of Foreign Affairs,中华人民共和国外交部,Ministry of Foreign Affairs,中华人民共和国外交部,ChinaIraq,https://twitter.com/ChinaIraq,13200,,,,,,,,,,,,,,,,,,,1.7244838657929265e+18,1.2222222222222223,2.0,955.3333333333334,1.2163300860283167e+18,0.3244666666666667,0.17623857623857622
119,Chinese Embassy in United Nations (NYC),,UN,English,Ministry of Foreign Affairs,中华人民共和国外交部,Ministry of Foreign Affairs,中华人民共和国外交部,Chinamission2un,https://twitter.com/Chinamission2un,141500,,,,,,,,,,,,,,,,,,,1.724487532259074e+18,5.917808219178082,8.780821917808218,3954.671232876712,3210919822.0,0.346913698630137,0.217982286087472
120,Chinese Embassy in Switzerland (UN Missions),,Switzerland,English,Ministry of Foreign Affairs,中华人民共和国外交部,Ministry of Foreign Affairs,中华人民共和国外交部,ChinaMissionGva,https://twitter.com/ChinaMissionGva,5316,,,,,,,,,,,,,,,,,,,1.7238061658235264e+18,0.1,0.6,98.9,3254484081.0,0.32412,0.42333333333333334
121,China.org.cn (English),中国网,Anglosphere,English,China International Communications Group (CICG),中国外文出版发行事业局,Central Publicity Department,中共中央宣传部,chinaorgcn,https://twitter.com/chinaorgcn,"1,000,000",chinaorgcn,https://www.facebook.com/chinaorgcn/,"34,162,330",chinaorgcnnews,https://www.instagram.com/chinaorgcnnews/,103,,,,,,,,,,,,,1.7251944079127263e+18,0.6395348837209303,1.1162790697674418,1299.0116279069769,147491390.0,0.22037558139534885,0.33683806503573943
122,People's Daily China Science,,Anglosphere,English,People's Daily Press,人民日报社,Central Committee of the Chinese Communist Party,中国共产党中央委员会,ChinaScience,https://twitter.com/ChinaScience,"2,000,000",PDChinaScience/,https://www.facebook.com/PDChinaScience/,5800000,,,,,,,,,,,,,,,,1.724164600177546e+18,1.6619718309859155,13.098591549295774,4805.633802816901,1.1649403743743304e+18,0.2885577464788732,0.3778240656057557
123,State Council Information Office (SCIO),国务院新闻办公室,Anglosphere,English,State Council Information Office (SCIO),国务院新闻办公室,State Council,中华人民共和国国务院,chinascio,https://twitter.com/chinascio,55200,,,,,,,china_scio,https://www.threads.net/@china_scio,77.0,ChinaSCIO,https://www.youtube.com/@ChinaSCIO,1740,,,,,,,1.7238131603827064e+18,1.303030303030303,1.878787878787879,3368.757575757576,3508175477.0,0.29639393939393943,0.3156397306397306
124,Wang Xiaojian,,India,English,Ministry of Foreign Affairs,中华人民共和国外交部,Ministry of Foreign Affairs,中华人民共和国外交部,ChinaSpox_India,https://twitter.com/ChinaSpox_India,12900,,,,,,,,,,,,,,,,,,,1.723667982423878e+18,2.5,4.0,3974.0,1.2445790565336924e+18,0.2659,0.6875
125,Chinese Embassy in Mali,中国驻马里大使馆,Mali,French,Ministry of Foreign Affairs,中华人民共和国外交部,Ministry of Foreign Affairs,中华人民共和国外交部,Chine_au_Mali,https://twitter.com/Chine_au_Mali,4741,AmbChineMali,https://www.facebook.com/AmbChineMali,3900,,,,,,,,,,,,,,,,1.7230549035555597e+18,0.3333333333333333,0.6666666666666666,104.0,1.0279419260357018e+18,0.5615333333333333,0.16277777777777777
126,Chinese Embassy in Djibouti,,Djibouti,French,Ministry of Foreign Affairs,中华人民共和国外交部,Ministry of Foreign Affairs,中华人民共和国外交部,ChineAmbDjibout,https://twitter.com/ChineAmbDjibout,3205,,,,,,,,,,,,,,,,,,,1.7247887164625907e+18,0.6,0.4,116.6,1.250704920153555e+18,0.8459,0.7489583333333333
127,Chinese Embassy in Morocco,,Morocco,French,Ministry of Foreign Affairs,中华人民共和国外交部,Ministry of Foreign Affairs,中华人民共和国外交部,ChineAmbMaroc,https://twitter.com/ChineAmbMaroc,3360,ChineAmbMaroc,https://www.facebook.com/ChineAmbMaroc,1100,,,,,,,,,,,,,,,,1.7251667790417905e+18,0.0,0.25,100.0,1.437801768616878e+18,0.63015,0.15950715950715946
128,Liu Jin,刘晋,Gambia,English,Ministry of Foreign Affairs,中华人民共和国外交部,Ministry of Foreign Affairs,中华人民共和国外交部,ChineseAmb_GM,https://twitter.com/ChineseAmb_GM,1617,,,,,,,,,,,,,,,,,,,1.7256279083355284e+18,0.0,0.5,188.0,1.506194611571671e+18,0.82335,0.1625
129,Kong Xianhua,,India,English,Ministry of Foreign Affairs,中华人民共和国外交部,Ministry of Foreign Affairs,中华人民共和国外交部,ChineseCGMumbai,https://twitter.com/ChineseCGMumbai,1873,,,,,,,,,,,,,,,,,,,1.724477300699169e+18,0.5,0.35714285714285715,103.35714285714286,1.4388080620606054e+18,0.3858222222222222,0.45807504866532645
130,Chinese Consulate General in Melbourne,,Australia,English,Ministry of Foreign Affairs,中华人民共和国外交部,Ministry of Foreign Affairs,中华人民共和国外交部,ChineseCon_Mel,https://twitter.com/ChineseCon_Mel,2881,,,,,,,,,,,,,,,,,,,1.724759804633077e+18,0.0,0.1,77.2,1.333256114448724e+18,0.30125,0.3209199134199134
131,Chinese Embassy in Kenya,,Kenya,English,Ministry of Foreign Affairs,中华人民共和国外交部,Ministry of Foreign Affairs,中华人民共和国外交部,ChineseEmbKenya,https://twitter.com/ChineseEmbKenya,15800,,,,,,,,,,,,,,,,,,,1.724169937255595e+18,1.0793650793650793,13.301587301587302,1219.2380952380952,1.1083518186800045e+18,0.3301360655737705,0.26744984978591535
132,Chinese Embassy in Yemen,中国驻也门大使馆,Yemen,Arabic,Ministry of Foreign Affairs,中华人民共和国外交部,Ministry of Foreign Affairs,中华人民共和国外交部,ChineseEmbtoYEM,https://twitter.com/ChineseEmbtoYEM,62700,chineseembtoyemen,https://www.facebook.com/chineseembtoyemen,6800,,,,,,,,,,,,,,,,1.7239986114935808e+18,4.8,6.8,1520.0,1.170953914331607e+18,0.32294,0.07083333333333333
133,Chinese Embassy in Tanzania,,Tanzania,Swahili,Ministry of Foreign Affairs,中华人民共和国外交部,Ministry of Foreign Affairs,中华人民共和国外交部,ChineseEmbTZ,https://twitter.com/ChineseEmbTZ,15800,,,,,,,,,,,,,,,,,,,1.724288118327083e+18,0.7222222222222222,2.638888888888889,441.3888888888889,1.2040330869772e+18,0.49129999999999996,0.3424679533429533
134,Chinese Embassy in Estonia,,Estonia,Estonian,Ministry of Foreign Affairs,中华人民共和国外交部,Ministry of Foreign Affairs,中华人民共和国外交部,ChineseEstonia,https://twitter.com/ChineseEstonia,1409,,,,,,,,,,,,,,,,,,,1.7243330343552684e+18,0.0,0.125,95.5,1.431280929910272e+18,0.39766250000000003,0.3583143939393939
135,Chinese Embassy in Liberia,,Liberia,English,Ministry of Foreign Affairs,中华人民共和国外交部,Ministry of Foreign Affairs,中华人民共和国外交部,ChineseLiberia,https://twitter.com/ChineseLiberia,6373,CNAmbLR,https://www.facebook.com/CNAmbLR,595,,,,,,,,,,,,,,,,1.722925799982952e+18,0.6,0.4,89.8,1.201828638171304e+18,0.26082,0.095
136,Chinese Embassy in Somalia,,Somalia,English,Ministry of Foreign Affairs,中华人民共和国外交部,Ministry of Foreign Affairs,中华人民共和国外交部,ChineseSomalia,https://twitter.com/ChineseSomalia,12200,chinainsa,https://www.facebook.com/chinainsa,75000,,,,,,,,,,,,,,,,1.7246008146711442e+18,1.5,7.285714285714286,3328.285714285714,1.142709496042668e+18,0.5668357142857142,0.19746031746031742
137,Chinese Embassy in Zimbabwe,,Zimbabwe,English,Ministry of Foreign Affairs,中华人民共和国外交部,Ministry of Foreign Affairs,中华人民共和国外交部,ChineseZimbabwe,https://twitter.com/ChineseZimbabwe,17200,,,,,,,,,,,,,,,,,,,1.7245515354633364e+18,1.2222222222222223,9.222222222222221,1031.2222222222222,1.0368979533346079e+18,0.32895555555555556,0.24163359788359784
138,Chinese Consulate General in Osaka,中華人民共和国駐大阪総領事館,Japan,Japanese,Ministry of Foreign Affairs,中华人民共和国外交部,Ministry of Foreign Affairs,中华人民共和国外交部,ChnConsul_osaka,https://twitter.com/ChnConsul_osaka,21400,,,,,,,,,,user-kr2ke5sy6b,https://www.youtube.com/@user-kr2ke5sy6b,1700,,,,,,,1.7236192010167296e+18,2.8780487804878048,17.609756097560975,13028.292682926829,1.1710129967236997e+18,0.37680243902439026,0.38714820869219824
139,Chinese Consulate General in Nagoya,中華人民共和国駐名古屋総領事館,Japan,Japanese,Ministry of Foreign Affairs,中华人民共和国外交部,Ministry of Foreign Affairs,中华人民共和国外交部,ChnConsulateNgo,https://twitter.com/ChnConsulateNgo,3339,,,,,,,,,,user-vz3fv8md2p,https://www.youtube.com/@user-vz3fv8md2p,11,,,,,,,1.7236863475373535e+18,0.8,1.2,546.4,1.2267501931161846e+18,0.88644,0.4316233766233766
140,Chinese Embassy in Japan,中華人民共和国駐日本国大使館,Japan,Japanese,Ministry of Foreign Affairs,中华人民共和国外交部,Ministry of Foreign Affairs,中华人民共和国外交部,ChnEmbassy_jp,https://twitter.com/ChnEmbassy_jp,102400,profile.php?id=100072261466319,https://www.facebook.com/profile.php?id=100072261466319,189,,,,,,,,,,chnembassy_jp,https://www.tiktok.com/@chnembassy_jp,184.0,,,,1.7239038762670298e+18,16.23076923076923,5.3076923076923075,3907.6923076923076,2459061450.0,0.6351692307692307,0.2910281385281385
141,Chinese Embassy in Sudan,‎中国驻苏丹大使馆,Sudan,Arabic,Ministry of Foreign Affairs,中华人民共和国外交部,Ministry of Foreign Affairs,中华人民共和国外交部,CHNembinSudan,https://twitter.com/CHNembinSudan,6098,,,,,,,,,,,,,,,,,,,1.724839414939571e+18,0.125,0.0,34.625,1.241301048029053e+18,0.0,0.0
142,Liu Yuyin,,UN,English,Ministry of Foreign Affairs,中华人民共和国外交部,Ministry of Foreign Affairs,中华人民共和国外交部,ChnMission,https://twitter.com/ChnMission,1755,,,,,,,,,,,,,,,,,,,1.7243890173531965e+18,0.0,0.0,22.5,1.2232687772421202e+18,0.06144166666666667,0.07277777777777776
143,China International Development Cooperation Agency (CIDCA),,Anglosphere,English,China International Development Cooperation Agency (CIDCA),国家国际发展合作署,State Council,中华人民共和国国务院,cidcaofficial,https://twitter.com/cidcaofficial,37900,,,,,,,,,,,,,,,,,,,1.7231752654702892e+18,0.4,0.6,267.4,1.2366027744747725e+18,0.05144000000000001,0.11666666666666665
144,CRI Italian (Radio Cina Internazionale),,Italy,Italian,China Media Group (CMG),中央广播电视总台,Central Publicity Department,中共中央宣传部,cinitalia,https://twitter.com/cinitalia,2228,CriItaliano,https://www.facebook.com/CriItaliano/,939000,,,,,,,CINITALIA,https://www.youtube.com/channel/UC-89ZO9I7TAj9HkZHMllgpg,3920,,,,,,,1.7247688440002166e+18,0.0,0.027777777777777776,34.833333333333336,7.806990393355264e+17,0.1656638888888889,0.11195135882635883
145,CGTN Closer to China,,Anglosphere,English,China Media Group (CMG),中央广播电视总台,Central Publicity Department,中共中央宣传部,closertochina,https://twitter.com/closertochina,8795,cgtnclosertochina,https://www.facebook.com/cgtnclosertochina,167000,,,,,,,,,,,,,,,,1.724225276887081e+18,0.0,0.0,69.0,4445417361.0,0.0386,0.0
146,China Content Center,,China,Chinese,"Shanghai Guanchazhe Information Technology Co.,Ltd",上海观察者信息技术有限公司,Shanghai Academy of Social Sciences (SASS),上海社会科学院,CNContentCenter,https://twitter.com/CNContentCenter,43200,,,,,,,,,,chinacontentcenter,https://www.youtube.com/@chinacontentcenter,"600,000",,,,,,,1.7234130424953774e+18,0.5,0.2857142857142857,360.85714285714283,9.313602546835169e+17,0.1959857142857143,0.33006536452965024
147,China News Service (CNS) Agency,中國新聞社,China,Chinese,China News Service (CNS),北京中新网信息科技有限公司,United Front Work Department,中共中央统一战线工作部,CNS1952,https://twitter.com/CNS1952,494700,ChinaNewsService,https://www.facebook.com/ChinaNewsService,1200000,,,,,,,cnsvideo,https://www.youtube.com/@cnsvideo,"193,000",chinanewsservice,https://www.tiktok.com/@chinanewsservice,32300.0,,,,1.7244211118672727e+18,6.488673139158576,18.372168284789645,2337.5145631067962,1597435105.0,0.49763754045307446,0.3510829146762352
148,CRI Polish,,Poland,Polish,China Media Group (CMG),中央广播电视总台,Central Publicity Department,中共中央宣传部,CoChwila,https://twitter.com/CoChwila,567,redakcjapolska,https://www.facebook.com/redakcjapolska,388000,,,,,,,ChinyDziendobry,https://www.youtube.com/channel/UC6sQzpQJP-juqHyKLMF-Jyw,896,,,,,,,1.724620063416236e+18,0.07317073170731707,0.024390243902439025,68.78048780487805,1.4271837829735055e+18,0.33013658536585366,0.343358805828318
149,Xu Zhike (Coco Studio),,la Francophonie,French,China Media Group (CMG),中央广播电视总台,Central Publicity Department,中共中央宣传部,CocoStudio4,https://twitter.com/CocoStudio4,982,CocoStudioenChine/,https://www.facebook.com/CocoStudioenChine/,1300000,cocostudioenchine,https://www.instagram.com/cocostudioenchine/,4256,,,,CocoStudioenChine,https://www.youtube.com/channel/UC2bFxuLClcjHadRnrKvxweQ,156000,cocoenchine,https://www.tiktok.com/@cocoenchine,142100.0,,,,1.72426435211348e+18,0.0,0.25,104.875,1.219493981819523e+18,0.241525,0.4025317911255411
150,Chinese Consulate General in Strasbourg,,France,French,Ministry of Foreign Affairs,中华人民共和国外交部,Ministry of Foreign Affairs,中华人民共和国外交部,consulat_de,https://twitter.com/consulat_de,2457,,,,,,,,,,,,,,,,,,,1.7245629969894597e+18,0.6666666666666666,0.1111111111111111,36.111111111111114,1.230410541547561e+18,0.35514444444444443,0.38003547378547375
151,Chinese Consulate General in Barcelona,中国驻巴塞罗那总领馆,Spain,Spanish,Ministry of Foreign Affairs,中华人民共和国外交部,Ministry of Foreign Affairs,中华人民共和国外交部,ConsulChinaBcn,https://twitter.com/ConsulChinaBcn,4495,,,,,,,,,,,,,,,,,,,1.7240484676140058e+18,0.0,0.4,94.2,1.228297106571645e+18,0.0,0.058787878787878764
152,CRI Arabic,,MENA,Arabic,China Media Group (CMG),中央广播电视总台,Central Publicity Department,中共中央宣传部,criarabic,https://twitter.com/criarabic,22200,criarabic1,https://www.facebook.com/criarabic1,2700000,,,,,,,,,,,,,,,,1.7241043331319956e+18,0.13564668769716087,0.05993690851735016,136.16403785488959,1373495347.0,0.15191798107255522,0.16524508833262777
153,CRI German,,Germany,German,China Media Group (CMG),中央广播电视总台,Central Publicity Department,中共中央宣传部,CRIGerman1,https://twitter.com/CRIGerman1,54,CRIGerman,https://www.facebook.com/CRIGerman,897000,,,,,,,,,,,,,,,,1.7250935988624922e+18,0.0,0.028985507246376812,30.507246376811594,1.3623114683230085e+18,0.12876666666666667,0.14677128427128427
154,CRI Japanese,CRI日本語,Japan,Japanese,China Media Group (CMG),中央广播电视总台,Central Publicity Department,中共中央宣传部,CRIjpn,https://twitter.com/CRIjpn,23300,japanese.cri,https://www.facebook.com/japanese.cri,"5,900,000",,,,,,,cri8511,https://www.youtube.com/channel/UCAq3au5J8QghC2nuzaDdHZA,3680,,,,,,,1.7242239280524736e+18,0.2517241379310345,4.458620689655173,1054.6965517241379,3007739821.0,0.42656758620689655,0.3297734113450862
155,China State Construction (CSCEC),中国建筑集团有限公司,Anglosphere,English,China State Construction Engineering (CSCEC),中国建筑集团有限公司,State Council,中华人民共和国国务院,CSCECNEWS,https://twitter.com/CSCECNEWS,128900,CSCECNews,https://www.facebook.com/CSCECNews/,"1,100,000",china_state_construction,https://www.instagram.com/china_state_construction/,34400,,,,CSCECNews,https://www.youtube.com/@CSCECNews,5650,,,,,,,1.7249227881153843e+18,1.0,3.875,11200.0,1.209270021119103e+18,0.514125,0.3762675865800866
156,Discover Binhai,,Anglosphere,English,Department of Culture and Tourism of Tianjin Binhai District,天津市滨海区文化和旅游厅,People's Government of Tianjin Binhai New Area,天津滨海新区人民政府,discoverbinhai,https://twitter.com/discoverbinhai,5112,DiscoverBinhai/,https://www.facebook.com/DiscoverBinhai/,1300,,,,,,,,,,discoverbinhai,https://www.tiktok.com/@discoverbinhai,36.0,,,,1.723463454881077e+18,0.2857142857142857,0.0,29.0,1.4636652735174697e+18,0.3988642857142857,0.38590662455458374
